﻿pos_x,pos_y,rotation,side,designator,mpn,pack,footprint,value,mount_type
127.46,-70.5,0.0,top,C1,,,CP,47u,tht
127.96,-81.5,0.0,top,C2,,,Capacitor,0.01uF,tht
127.96,-91.0,0.0,top,C3,,,Capacitor,6.8nF,tht
112.19,-44.0,0.0,top,D1,,,Diode,1N4148,tht
112.19,-53.5,0.0,top,D2,,,Diode,1N4148,tht
112.88,-60.14,0.0,top,D3,,,Diode,1N4148,tht
112.88,-66.5,0.0,top,D4,,,Diode,1N4148,tht
112.19,-74.0,0.0,top,D5,,,Diode,1N4148,tht
112.69,-84.5,0.0,top,D6,,,Diode,1N4148,tht
141.6,-60.0,0.0,top,D7,,,LED,LED-GREEN,tht
150.46,-60.0,0.0,top,D8,,,LED,LED-YELLOW,tht
161.46,-60.0,0.0,top,D9,,,LED,LED-RED,tht
141.73,-93.5,0.0,top,J1,,,Connector,Conn_01x02_Pin,tht
93.9675,-44.0,0.0,top,R1,,,Resistor,10k,tht
93.9675,-51.0,0.0,top,R2,,,Resistor,22k,tht
93.9675,-57.22,0.0,top,R3,,,Resistor,10k,tht
93.9675,-62.08,0.0,top,R4,,,Resistor,100k,tht
93.9675,-68.5,0.0,top,R5,,,Resistor,100R,tht
93.9675,-75.5,0.0,top,R6,,,Resistor,100R,tht
93.9675,-84.5,0.0,top,R7,,,Resistor,100R,tht
155.19,-83.437,0.0,top,U1,,,555,LM555xN,tht
146.2346,-51.9746,0.0,top,U2,,,Counter,4017,tht
