﻿Designator,Quantity,Value,Footprint,Package,MPN,DNP,Mount_Type,Description
C1,1,47u,CP,,,,tht,
C2,1,0.01uF,Capacitor,,,,tht,
C3,1,6.8nF,Capacitor,,,,tht,
"D1, D2, D3, D4, D5, D6",6,1N4148,Diode,,,,tht,
D7,1,LED-GREEN,LED,,,,tht,Light emitting diode
D8,1,LED-YELLOW,LED,,,,tht,Light emitting diode
D9,1,LED-RED,LED,,,,tht,Light emitting diode
J1,1,Conn_01x02_Pin,Connector,,,,tht,"Generic connector, single row, 01x02, script generated"
"R1, R3",2,10k,Resistor,,,,tht,
R2,1,22k,Resistor,,,,tht,
R4,1,100k,Resistor,,,,tht,
"R5, R6, R7",3,100R,Resistor,,,,tht,
U1,1,LM555xN,555,,,,tht,
U2,1,4017,Counter,,,,tht,
